index,value,position_value,cash,gain,hold_day
2022-02-07 10:09:00,9998.1552,9224.0,774.1551999999992,,
2022-02-07 10:21:00,10013.3552,9239.2,774.1551999999992,17.047840000001088,0.0
2022-02-07 10:41:00,9958.48016,9187.2,771.2801599999984,-53.037600000001476,0.0
2022-02-07 10:43:00,9961.280159999998,9190.0,771.2801599999984,4.6379999999990105,0.0
2022-02-07 10:44:00,9961.280159999998,9190.0,771.2801599999984,1.837999999999738,0.0
2022-02-07 10:45:00,9961.280159999998,9190.0,771.2801599999984,1.837999999999738,0.0
2022-02-07 10:47:00,9967.280159999998,9196.0,771.2801599999984,7.839200000000346,0.0
2022-02-07 10:48:00,9967.280159999998,9196.0,771.2801599999984,1.8392000000003463,0.0
2022-02-07 10:49:00,9967.280159999998,9196.0,771.2801599999984,1.8392000000003463,0.0
2022-02-07 10:50:00,9967.280159999998,9196.0,771.2801599999984,1.8392000000003463,0.0
2022-02-07 10:52:00,9959.604879999997,9184.4,775.2048799999975,-5.838400000000547,0.0
2022-02-07 10:53:00,9959.604879999997,9184.4,775.2048799999975,1.8368800000007468,0.0
2022-02-07 10:55:00,9972.004879999997,9196.8,775.2048799999975,14.239359999999579,0.0
2022-02-07 10:57:00,9977.604879999997,9202.4,775.2048799999975,7.440480000001116,0.0
2022-02-07 10:58:00,9977.604879999997,9202.4,775.2048799999975,1.8404800000007526,0.0
2022-02-07 11:00:00,9978.004879999997,9202.8,775.2048799999975,2.240560000000187,0.0
2022-02-07 11:01:00,9978.004879999997,9202.8,775.2048799999975,1.8405600000005506,0.0
2022-02-07 11:02:00,9978.004879999997,9202.8,775.2048799999975,1.8405600000005506,0.0
2022-02-07 11:03:00,9978.004879999997,9202.8,775.2048799999975,1.8405600000005506,0.0
2022-02-07 11:04:00,9978.004879999997,9202.8,775.2048799999975,1.8405600000005506,0.0
2022-02-07 11:06:00,9968.004879999997,9192.8,775.2048799999975,-8.161439999999857,0.0
2022-02-07 11:07:00,9968.004879999997,9192.8,775.2048799999975,1.8385600000001432,0.0
2022-02-07 11:08:00,9968.004879999997,9192.8,775.2048799999975,1.8385600000001432,0.0
2022-02-07 11:10:00,9969.204879999998,9194.0,775.2048799999975,3.038800000000265,0.0
2022-02-07 11:16:00,9959.528239999996,9195.2,764.3282399999953,-7.837600000000748,0.0
2022-02-07 11:21:00,9961.848639999997,9196.8,765.0486399999972,4.15976000000046,0.0
2022-02-08 09:31:00,9962.168079999998,9202.0,760.1680799999976,2.1598400000002584,0.0
2022-02-08 09:49:00,9924.968079999997,9164.8,760.1680799999976,-35.367040000001,0.0
2022-02-08 09:52:00,9918.968079999997,9158.8,760.1680799999976,-4.168240000000878,0.0
2022-02-08 09:55:00,9913.368079999998,9153.2,760.1680799999976,-3.7693599999984144,0.0
2022-02-08 09:56:00,9913.368079999998,9153.2,760.1680799999976,1.8306400000001304,0.0
2022-02-08 09:57:00,9913.368079999998,9153.2,760.1680799999976,1.8306400000001304,0.0
2022-02-08 10:02:00,9922.102879999999,9160.4,761.7028799999989,10.56688000000031,0.0
2022-02-08 10:03:00,9922.102879999999,9160.4,761.7028799999989,1.8320800000001327,0.0
2022-02-08 10:05:00,9929.30288,9167.6,761.7028799999989,9.033520000000863,0.0
2022-02-08 10:24:00,9875.25304,9132.0,743.2530399999996,-52.223439999999755,0.0
2022-02-08 10:28:00,9877.998559999998,9134.0,743.9985599999982,4.5723199999993085,0.0
2022-02-08 10:29:00,9877.998559999998,9134.0,743.9985599999982,1.8268000000007305,0.0
2022-02-08 10:30:00,9877.998559999998,9134.0,743.9985599999982,1.8268000000007305,0.0
2022-02-08 10:31:00,9877.998559999998,9134.0,743.9985599999982,1.8268000000007305,0.0
2022-02-08 10:44:00,9870.351519999998,9105.2,765.1515199999976,-5.825999999999112,0.0
2022-02-08 10:45:00,9870.351519999998,9105.2,765.1515199999976,1.8210400000007212,0.0
2022-02-08 10:47:00,9855.151519999998,9090.0,765.1515199999976,-13.382000000001426,0.0
2022-02-08 10:50:00,9851.151519999998,9086.0,765.1515199999976,-2.1828000000004977,0.0
2022-02-08 10:51:00,9851.151519999998,9086.0,765.1515199999976,1.8171999999995023,0.0
2022-02-08 10:52:00,9851.151519999998,9086.0,765.1515199999976,1.8171999999995023,0.0
2022-02-08 10:53:00,9851.151519999998,9086.0,765.1515199999976,1.8171999999995023,0.0
2022-02-08 10:55:00,9853.916239999997,9084.0,769.9162399999968,4.581519999999728,0.0
2022-02-08 10:56:00,9853.916239999997,9084.0,769.9162399999968,1.8168000000005122,0.0
2022-02-08 10:57:00,9853.916239999997,9084.0,769.9162399999968,1.8168000000005122,0.0
2022-02-08 11:02:00,9854.281119999996,9087.6,766.6811199999956,2.1823999999996886,0.0
2022-02-08 11:03:00,9854.281119999996,9087.6,766.6811199999956,1.8175200000005134,0.0
2022-02-08 11:04:00,9854.281119999996,9087.6,766.6811199999956,1.8175200000005134,0.0
2022-02-08 11:05:00,9854.281119999996,9087.6,766.6811199999956,1.8175200000005134,0.0
2022-02-08 11:07:00,9836.281119999996,9069.6,766.6811199999956,-16.186079999999492,0.0
2022-02-08 11:08:00,9836.281119999996,9069.6,766.6811199999956,1.8139200000005076,0.0
2022-02-08 11:09:00,9836.281119999996,9069.6,766.6811199999956,1.8139200000005076,0.0
2022-02-08 11:10:00,9836.281119999996,9069.6,766.6811199999956,1.8139200000005076,0.0
2022-02-08 11:11:00,9836.281119999996,9069.6,766.6811199999956,1.8139200000005076,0.0
2022-02-08 11:12:00,9836.281119999996,9069.6,766.6811199999956,1.8139200000005076,0.0
2022-02-08 11:13:00,9836.281119999996,9069.6,766.6811199999956,1.8139200000005076,0.0
2022-02-08 11:16:00,9815.862959999995,9038.0,777.8629599999949,-18.610560000000987,0.0
2022-02-08 11:18:00,9809.848479999995,9036.8,773.0484799999958,-4.207119999999122,0.0
2022-02-08 11:19:00,9809.848479999995,9036.8,773.0484799999958,1.807360000000699,0.0
2022-02-08 11:24:00,9799.840239999996,9010.8,789.0402399999966,-8.206079999999929,0.0
2022-02-08 11:28:00,9808.227839999996,9039.2,769.0278399999952,10.195439999999508,0.0
2022-02-08 11:29:00,9808.227839999996,9039.2,769.0278399999952,1.8078399999994872,0.0
2022-02-08 11:30:00,9808.227839999996,9039.2,769.0278399999952,1.8078399999994872,0.0
2022-02-08 13:01:00,9808.227839999996,9039.2,769.0278399999952,1.8078399999994872,0.0
2022-02-08 13:06:00,9814.609279999995,9043.6,771.0092799999948,8.190160000000105,0.0
2022-02-08 13:14:00,9801.386319999994,9080.8,720.5863199999949,-11.406800000000658,0.0
2022-02-08 13:15:00,9801.386319999994,9080.8,720.5863199999949,1.816160000000309,0.0
2022-02-08 13:25:00,9806.149039999997,9097.2,708.9490399999959,6.58216000000175,0.0
2022-02-08 13:26:00,9806.149039999997,9097.2,708.9490399999959,1.8194399999993038,0.0
2022-02-08 13:50:00,9797.305679999996,9124.8,672.5056799999966,-7.018400000000838,0.0
2022-02-08 13:52:00,9798.905679999996,9126.4,672.5056799999966,3.425279999999475,0.0
2022-02-08 14:10:00,9801.652959999996,9130.8,670.8529599999965,4.573440000000119,0.0
2022-02-08 14:11:00,9801.652959999996,9130.8,670.8529599999965,1.8261600000005274,0.0
2022-02-08 14:16:00,9819.252959999996,9148.4,670.8529599999965,19.4296800000011,0.0
2022-02-08 14:17:00,9819.252959999996,9148.4,670.8529599999965,1.8296800000007352,0.0
2022-02-08 14:18:00,9819.252959999996,9148.4,670.8529599999965,1.8296800000007352,0.0
2022-02-08 14:19:00,9819.252959999996,9148.4,670.8529599999965,1.8296800000007352,0.0
2022-02-08 14:21:00,9820.392159999998,9150.8,669.5921599999983,2.969360000000961,0.0
2022-02-08 14:23:00,9813.934879999999,9138.4,675.5348799999992,-4.629599999998391,0.0
2022-02-08 14:24:00,9813.934879999999,9138.4,675.5348799999992,1.8276800000003277,0.0
2022-02-08 14:25:00,9813.934879999999,9138.4,675.5348799999992,1.8276800000003277,0.0
2022-02-08 14:26:00,9813.934879999999,9138.4,675.5348799999992,1.8276800000003277,0.0
2022-02-08 14:27:00,9813.934879999999,9138.4,675.5348799999992,1.8276800000003277,0.0
2022-02-08 14:28:00,9813.934879999999,9138.4,675.5348799999992,1.8276800000003277,0.0
2022-02-08 14:29:00,9813.934879999999,9138.4,675.5348799999992,1.8276800000003277,0.0
2022-02-08 14:30:00,9813.934879999999,9138.4,675.5348799999992,1.8276800000003277,0.0
2022-02-08 14:32:00,9841.13488,9165.6,675.5348799999992,29.033120000000054,0.0
2022-02-08 14:33:00,9841.13488,9165.6,675.5348799999992,1.833119999999326,0.0
2022-02-08 14:34:00,9841.13488,9165.6,675.5348799999992,1.833119999999326,0.0
2022-02-08 14:35:00,9841.13488,9165.6,675.5348799999992,1.833119999999326,0.0
2022-02-08 14:36:00,9841.13488,9165.6,675.5348799999992,1.833119999999326,0.0
2022-02-08 14:37:00,9841.13488,9165.6,675.5348799999992,1.833119999999326,0.0
2022-02-08 14:38:00,9841.13488,9165.6,675.5348799999992,1.833119999999326,0.0
2022-02-08 14:39:00,9841.13488,9165.6,675.5348799999992,1.833119999999326,0.0
2022-02-08 14:42:00,9844.26656,9169.2,675.0665599999993,4.965519999999742,0.0
2022-02-08 14:43:00,9844.26656,9169.2,675.0665599999993,1.8338399999993271,0.0
2022-02-08 14:44:00,9844.26656,9169.2,675.0665599999993,1.8338399999993271,0.0
2022-02-08 14:52:00,9850.5944,9181.6,668.9943999999996,8.164160000000265,0.0
2022-02-09 09:56:00,9835.328239999999,9160.8,674.5282399999996,-13.434000000001106,0.0
2022-02-09 09:58:00,9838.12824,9163.6,674.5282399999996,4.632720000001427,0.0
2022-02-09 09:59:00,9838.12824,9163.6,674.5282399999996,1.8327200000003359,0.0
2022-02-09 10:01:00,9837.328239999999,9162.8,674.5282399999996,1.0325599999996484,0.0
2022-02-09 10:03:00,9836.92824,9162.4,674.5282399999996,1.4324799999994866,0.0
2022-02-09 10:04:00,9836.92824,9162.4,674.5282399999996,1.8324799999991228,0.0
2022-02-09 10:05:00,9836.92824,9162.4,674.5282399999996,1.8324799999991228,0.0
2022-02-09 10:06:00,9836.92824,9162.4,674.5282399999996,1.8324799999991228,0.0
2022-02-09 10:27:00,9865.24984,9197.6,667.64984,30.161120000000665,0.0
2022-02-09 11:25:00,9862.369120000001,9205.2,657.1691200000005,-1.039679999999862,0.0
2022-02-09 13:49:00,9927.864239999999,9250.0,677.864239999999,67.34511999999813,0.0
2022-02-09 14:09:00,9932.264239999999,9254.4,677.864239999999,6.250879999999597,0.0
2022-02-11 13:35:00,9936.569679999999,9210.4,726.1696799999991,6.147520000000441,1.0
2022-02-11 13:39:00,9938.569679999999,9212.4,726.1696799999991,3.842479999999341,0.0
2022-02-11 13:46:00,9916.969679999998,9190.8,726.1696799999991,-19.76184000000103,0.0
2022-02-11 13:47:00,9916.969679999998,9190.8,726.1696799999991,1.838159999999334,0.0
2022-02-11 14:15:00,9902.49728,9182.0,720.4972799999996,-12.635999999998603,0.0
2022-02-11 14:25:00,9896.8256,9178.4,718.4256000000005,-3.8359999999993306,0.0
2022-02-11 14:33:00,9901.2256,9182.8,718.4256000000005,6.236559999999372,0.0
2022-02-11 14:34:00,9901.2256,9182.8,718.4256000000005,1.8365599999997357,0.0
2022-02-14 09:34:00,9880.76696,9127.2,753.5669600000001,-18.633199999998396,2.0
2022-02-14 09:35:00,9880.76696,9127.2,753.5669600000001,1.8254400000005262,0.0
2022-02-14 09:36:00,9880.76696,9127.2,753.5669600000001,1.8254400000005262,0.0
2022-02-14 09:38:00,9899.56696,9146.0,753.5669600000001,20.6291999999994,0.0
2022-02-14 09:39:00,9899.56696,9146.0,753.5669600000001,1.829200000000128,0.0
2022-02-14 09:40:00,9899.56696,9146.0,753.5669600000001,1.829200000000128,0.0
2022-02-14 09:41:00,9899.56696,9146.0,753.5669600000001,1.829200000000128,0.0
2022-02-14 09:43:00,9886.76696,9133.2,753.5669600000001,-10.973359999999957,0.0
2022-02-14 09:45:00,9883.96696,9130.4,753.5669600000001,-0.973920000000362,0.0
2022-02-14 09:47:00,9859.56696,9106.0,753.5669600000001,-22.57879999999932,0.0
2022-02-14 09:48:00,9859.56696,9106.0,753.5669600000001,1.8212000000003172,0.0
2022-02-14 09:50:00,9862.36696,9108.8,753.5669600000001,4.621759999999995,0.0
2022-02-14 09:51:00,9862.36696,9108.8,753.5669600000001,1.8217600000007224,0.0
2022-02-14 09:52:00,9862.36696,9108.8,753.5669600000001,1.8217600000007224,0.0
2022-02-14 09:53:00,9862.36696,9108.8,753.5669600000001,1.8217600000007224,0.0
2022-02-14 09:54:00,9862.36696,9108.8,753.5669600000001,1.8217600000007224,0.0
2022-02-14 09:56:00,9889.56696,9136.0,753.5669600000001,29.027200000000448,0.0
2022-02-14 09:59:00,9904.76696,9151.2,753.5669600000001,17.03024000000005,0.0
2022-02-14 10:00:00,9904.76696,9151.2,753.5669600000001,1.8302399999993213,0.0
2022-02-14 10:01:00,9904.76696,9151.2,753.5669600000001,1.8302399999993213,0.0
2022-02-14 10:02:00,9904.76696,9151.2,753.5669600000001,1.8302399999993213,0.0
2022-02-14 10:03:00,9904.76696,9151.2,753.5669600000001,1.8302399999993213,0.0
2022-02-14 10:12:00,9890.31056,9141.6,748.7105599999995,-12.62808000000041,0.0
2022-02-14 10:28:00,9887.85824,9118.8,769.0582400000003,-0.6285600000010163,0.0
2022-02-14 10:34:00,9875.41392,9111.6,763.8139200000005,-10.621999999999389,0.0
2022-02-14 10:35:00,9875.41392,9111.6,763.8139200000005,1.8223199999993085,0.0
2022-02-14 10:36:00,9875.41392,9111.6,763.8139200000005,1.8223199999993085,0.0
2022-02-14 10:37:00,9875.41392,9111.6,763.8139200000005,1.8223199999993085,0.0
2022-02-14 10:39:00,9863.41392,9099.6,763.8139200000005,-10.180080000000089,0.0
2022-02-14 10:41:00,9861.81392,9098.0,763.8139200000005,0.21960000000035507,0.0
2022-02-14 10:43:00,9872.969439999999,9109.6,763.3694399999986,12.97743999999875,0.0
2022-02-14 10:46:00,9876.56944,9113.2,763.3694399999986,5.422640000000683,0.0
2022-02-14 10:48:00,9880.169439999998,9116.8,763.3694399999986,5.4233599999988655,0.0
2022-02-14 10:49:00,9880.169439999998,9116.8,763.3694399999986,1.8233600000003207,0.0
2022-02-14 10:50:00,9880.169439999998,9116.8,763.3694399999986,1.8233600000003207,0.0
2022-02-14 10:53:00,9875.369439999999,9112.0,763.3694399999986,-2.977600000000166,0.0
2022-02-14 10:54:00,9875.369439999999,9112.0,763.3694399999986,1.8223999999991065,0.0
2022-02-14 10:55:00,9875.369439999999,9112.0,763.3694399999986,1.8223999999991065,0.0
2022-02-14 10:57:00,9881.369439999999,9118.0,763.3694399999986,7.823599999999715,0.0
2022-02-14 10:59:00,9882.12184,9115.6,766.5218399999994,2.575520000000324,0.0
2022-02-14 11:00:00,9882.12184,9115.6,766.5218399999994,1.8231199999991077,0.0
2022-02-14 11:01:00,9882.12184,9115.6,766.5218399999994,1.8231199999991077,0.0
2022-02-14 11:02:00,9882.12184,9115.6,766.5218399999994,1.8231199999991077,0.0
2022-02-14 11:08:00,9888.070960000001,9129.2,758.8709600000002,7.774960000000647,0.0
2022-02-14 11:10:00,9882.820880000001,9122.8,760.0208800000019,-3.425520000000688,0.0
2022-02-14 11:12:00,9874.373680000002,9118.0,756.3736800000024,-6.623599999998987,0.0
2022-02-14 11:14:00,9877.525280000002,9117.2,760.3252800000009,4.975039999999353,0.0
2022-02-14 11:15:00,9877.525280000002,9117.2,760.3252800000009,1.8234400000001187,0.0
2022-02-14 11:17:00,9870.67976,9113.6,757.0797600000005,-5.022800000000643,0.0
2022-02-14 11:21:00,9870.23296,9117.2,753.0329599999986,1.3766399999985879,0.0
2022-02-14 11:22:00,9870.23296,9117.2,753.0329599999986,1.8234400000001187,0.0
2022-02-14 13:03:00,9863.385439999998,9123.6,739.7854399999978,-5.022800000000643,0.0
2022-02-14 13:04:00,9863.385439999998,9123.6,739.7854399999978,1.824720000000525,0.0
2022-02-14 13:05:00,9863.385439999998,9123.6,739.7854399999978,1.824720000000525,0.0
2022-02-14 13:06:00,9863.385439999998,9123.6,739.7854399999978,1.824720000000525,0.0
2022-02-14 13:07:00,9863.385439999998,9123.6,739.7854399999978,1.824720000000525,0.0
2022-02-14 13:09:00,9840.543839999998,9103.6,736.9438399999981,-21.020880000000034,0.0
2022-02-14 13:13:00,9829.705919999999,9093.2,736.5059199999978,-9.019280000000435,0.0
2022-02-14 13:16:00,9819.271679999998,9084.8,734.4716799999987,-8.617280000000392,0.0
2022-02-14 13:18:00,9808.83888,9086.0,722.8388799999993,-8.615599999999176,0.0
2022-02-14 13:19:00,9808.83888,9086.0,722.8388799999993,1.8171999999995023,0.0
2022-02-14 13:20:00,9808.83888,9086.0,722.8388799999993,1.8171999999995023,0.0
2022-02-14 13:23:00,9806.00432,9086.0,720.00432,-1.017359999999826,0.0
2022-02-14 13:24:00,9806.00432,9086.0,720.00432,1.8171999999995023,0.0
2022-02-14 13:27:00,9814.00432,9094.0,720.00432,9.8187999999991,0.0
2022-02-14 13:28:00,9814.00432,9094.0,720.00432,1.8187999999991007,0.0
2022-02-14 13:29:00,9814.00432,9094.0,720.00432,1.8187999999991007,0.0
2022-02-14 13:30:00,9814.00432,9094.0,720.00432,1.8187999999991007,0.0
2022-02-14 13:31:00,9814.00432,9094.0,720.00432,1.8187999999991007,0.0
2022-02-14 13:32:00,9814.00432,9094.0,720.00432,1.8187999999991007,0.0
2022-02-14 13:38:00,9800.37272,9074.0,726.3727199999994,-11.816800000000512,0.0
2022-02-14 13:40:00,9793.543039999999,9077.6,715.9430399999983,-5.014160000000629,0.0
2022-02-14 13:42:00,9792.343039999998,9076.4,715.9430399999983,0.6152799999999843,0.0
2022-02-14 13:44:00,9791.111759999998,9077.6,713.5117599999976,0.5842400000001362,0.0
2022-02-14 13:45:00,9791.111759999998,9077.6,713.5117599999976,1.815520000000106,0.0
2022-02-14 13:51:00,9781.483279999999,9070.8,710.6832799999993,-7.814319999999498,0.0
2022-02-14 13:52:00,9781.483279999999,9070.8,710.6832799999993,1.8141599999999016,0.0
2022-02-14 13:55:00,9773.456639999999,9066.8,706.6566399999992,-6.213279999999941,0.0
2022-02-14 13:56:00,9773.456639999999,9066.8,706.6566399999992,1.8133600000001024,0.0
2022-02-14 14:07:00,9772.22784,9074.8,697.4278400000003,0.5861600000007456,0.0
2022-02-14 14:09:00,9757.40248,9063.2,694.2024799999999,-13.012719999998808,0.0
2022-02-14 14:11:00,9757.775440000001,9068.0,689.7754400000013,2.1865600000000995,0.0
2022-02-14 14:13:00,9756.14896,9062.4,693.7489600000008,0.1859999999996944,0.0
2022-02-14 14:16:00,9748.52576,9057.6,690.9257600000001,-5.811680000000706,0.0
2022-02-14 14:17:00,9748.52576,9057.6,690.9257600000001,1.811519999999291,0.0
2022-02-14 14:18:00,9748.52576,9057.6,690.9257600000001,1.811519999999291,0.0
2022-02-14 14:19:00,9748.52576,9057.6,690.9257600000001,1.811519999999291,0.0
2022-02-14 14:20:00,9748.52576,9057.6,690.9257600000001,1.811519999999291,0.0
2022-02-14 14:23:00,9739.30544,9049.6,689.7054399999997,-7.410400000000664,0.0
2022-02-14 14:24:00,9739.30544,9049.6,689.7054399999997,1.8099199999996927,0.0
2022-02-14 14:27:00,9740.08552,9045.6,694.4855200000002,2.5892000000003463,0.0
2022-02-14 14:28:00,9740.08552,9045.6,694.4855200000002,1.8091199999998935,0.0
2022-02-14 14:29:00,9740.08552,9045.6,694.4855200000002,1.8091199999998935,0.0
2022-02-14 14:30:00,9740.08552,9045.6,694.4855200000002,1.8091199999998935,0.0
2022-02-14 14:31:00,9740.08552,9045.6,694.4855200000002,1.8091199999998935,0.0
2022-02-14 14:32:00,9740.08552,9045.6,694.4855200000002,1.8091199999998935,0.0
2022-02-14 14:33:00,9740.08552,9045.6,694.4855200000002,1.8091199999998935,0.0
2022-02-14 14:34:00,9740.08552,9045.6,694.4855200000002,1.8091199999998935,0.0
2022-02-14 14:35:00,9740.08552,9045.6,694.4855200000002,1.8091199999998935,0.0
2022-02-14 14:36:00,9740.08552,9045.6,694.4855200000002,1.8091199999998935,0.0
2022-02-14 14:38:00,9731.26976,9038.4,692.8697599999996,-7.008080000001428,0.0
2022-02-14 14:40:00,9732.85392,9035.6,697.2539199999992,3.391279999999824,0.0
2022-02-14 14:42:00,9726.8408,9032.4,694.4408000000003,-4.206640000000334,0.0
2022-02-14 14:44:00,9720.8284,9032.0,688.8284000000003,-4.206000000000131,0.0
2022-02-14 14:45:00,9720.8284,9032.0,688.8284000000003,1.8063999999994849,0.0
2022-02-15 09:36:00,9720.806800000002,9072.4,648.4068000000025,1.7928800000008778,0.0
2022-02-15 09:40:00,9710.774800000003,9094.0,616.7748000000029,-8.213200000000143,0.0
2022-02-15 09:42:00,9693.940880000002,9088.8,605.1408800000027,-15.016160000001037,0.0
2022-02-15 09:47:00,9684.305440000002,9094.4,589.9054400000023,-7.816559999999299,0.0
2022-02-15 09:48:00,9684.305440000002,9094.4,589.9054400000023,1.8188800000007177,0.0
2022-02-15 09:51:00,9674.705440000002,9084.8,589.9054400000023,-7.7830400000002555,0.0
2022-02-15 09:54:00,9681.105440000003,9091.2,589.9054400000023,8.21824000000197,0.0
2022-02-15 10:01:00,9693.505440000003,9103.6,589.9054400000023,14.220719999999346,0.0
2022-02-15 10:03:00,9695.905440000002,9106.0,589.9054400000023,4.221199999999953,0.0
2022-02-15 10:05:00,9699.905440000002,9110.0,589.9054400000023,5.822000000000116,0.0
2022-02-15 10:07:00,9706.254000000003,9137.2,569.0540000000019,8.175999999999476,0.0
2022-02-15 10:08:00,9706.254000000003,9137.2,569.0540000000019,1.8274399999991147,0.0
2022-02-15 10:09:00,9706.254000000003,9137.2,569.0540000000019,1.8274399999991147,0.0
2022-02-15 10:11:00,9698.600480000003,9134.4,564.2004800000032,-5.8266399999993155,0.0
2022-02-15 10:19:00,9694.145840000005,9139.6,554.5458400000043,-2.626719999998386,0.0
2022-02-15 10:20:00,9694.145840000005,9139.6,554.5458400000043,1.8279199999997218,0.0
2022-02-15 10:22:00,9696.088400000004,9142.0,554.0884000000042,3.770959999999832,0.0
2022-02-15 10:23:00,9696.088400000004,9142.0,554.0884000000042,1.8284000000003289,0.0
2022-02-15 10:25:00,9686.834320000004,9134.0,552.8343200000036,-7.427279999999882,0.0
2022-02-15 10:26:00,9686.834320000004,9134.0,552.8343200000036,1.8268000000007305,0.0
2022-02-15 10:27:00,9686.834320000004,9134.0,552.8343200000036,1.8268000000007305,0.0
2022-02-15 10:28:00,9686.834320000004,9134.0,552.8343200000036,1.8268000000007305,0.0
2022-02-15 10:29:00,9686.834320000004,9134.0,552.8343200000036,1.8268000000007305,0.0
2022-02-15 10:30:00,9686.834320000004,9134.0,552.8343200000036,1.8268000000007305,0.0
2022-02-15 10:32:00,9676.382400000004,9132.4,543.9824000000044,-8.625439999999799,0.0
2022-02-15 10:34:00,9680.326400000005,9140.0,540.3264000000054,5.772000000000844,0.0
2022-02-15 10:36:00,9672.672080000006,9135.6,537.0720800000054,-5.827199999999721,0.0
2022-02-15 10:54:00,9667.817760000005,9137.2,530.6177600000046,-3.026880000001256,0.0
2022-02-15 11:01:00,9663.362480000005,9140.0,523.3624800000052,-2.62728000000061,0.0
2022-02-15 11:03:00,9661.304320000005,9149.2,512.104320000004,-0.22832000000016706,0.0
2022-02-15 11:05:00,9658.045200000004,9146.0,512.0452000000041,-1.429920000000493,0.0
2022-02-15 11:07:00,9653.986800000004,9146.4,507.5868000000046,-2.2291199999999662,0.0
2022-02-15 11:08:00,9653.986800000004,9146.4,507.5868000000046,1.829279999999926,0.0
2022-02-15 11:09:00,9653.986800000004,9146.4,507.5868000000046,1.829279999999926,0.0
2022-02-15 11:10:00,9653.986800000004,9146.4,507.5868000000046,1.829279999999926,0.0
2022-02-15 11:13:00,9647.586800000005,9140.0,507.5868000000046,-4.572000000000116,0.0
2022-02-15 11:16:00,9641.586800000005,9134.0,507.5868000000046,-4.1731999999992695,0.0
2022-02-15 11:17:00,9641.586800000005,9134.0,507.5868000000046,1.8268000000007305,0.0
2022-02-15 11:18:00,9641.586800000005,9134.0,507.5868000000046,1.8268000000007305,0.0
2022-02-15 11:19:00,9641.586800000005,9134.0,507.5868000000046,1.8268000000007305,0.0
2022-02-15 11:20:00,9641.586800000005,9134.0,507.5868000000046,1.8268000000007305,0.0
2022-02-15 11:21:00,9641.586800000005,9134.0,507.5868000000046,1.8268000000007305,0.0
2022-02-15 11:22:00,9641.586800000005,9134.0,507.5868000000046,1.8268000000007305,0.0
2022-02-15 11:23:00,9641.586800000005,9134.0,507.5868000000046,1.8268000000007305,0.0
2022-02-15 11:25:00,9658.325760000005,9150.8,507.5257600000059,18.56912000000011,0.0
2022-02-15 11:26:00,9658.325760000005,9150.8,507.5257600000059,1.8301599999995233,0.0
2022-02-15 11:27:00,9658.325760000005,9150.8,507.5257600000059,1.8301599999995233,0.0
2022-02-15 11:28:00,9658.325760000005,9150.8,507.5257600000059,1.8301599999995233,0.0
2022-02-15 11:29:00,9658.325760000005,9150.8,507.5257600000059,1.8301599999995233,0.0
2022-02-15 11:30:00,9658.325760000005,9150.8,507.5257600000059,1.8301599999995233,0.0
2022-02-15 13:02:00,9647.870320000007,9133.2,514.6703200000065,-8.628799999998591,0.0
2022-02-15 13:24:00,9646.618800000007,9122.0,524.6188000000075,0.5728799999997136,0.0
2022-02-15 13:31:00,9642.169120000008,9127.2,514.969120000007,-2.6242399999991903,0.0
2022-02-15 13:34:00,9639.319600000006,9119.6,519.7196000000058,-1.0256000000008498,0.0
2022-02-15 13:35:00,9639.319600000006,9119.6,519.7196000000058,1.8239200000007258,0.0
2022-02-15 13:36:00,9639.319600000006,9119.6,519.7196000000058,1.8239200000007258,0.0
2022-02-15 13:37:00,9639.319600000006,9119.6,519.7196000000058,1.8239200000007258,0.0
2022-02-15 13:39:00,9645.719600000006,9126.0,519.7196000000058,8.22519999999895,0.0
2022-02-15 13:40:00,9645.719600000006,9126.0,519.7196000000058,1.8251999999993131,0.0
2022-02-15 13:42:00,9650.919600000007,9131.2,519.7196000000058,7.026240000001053,0.0
2022-02-15 13:48:00,9639.719600000006,9120.0,519.7196000000058,-9.376000000000204,0.0
2022-02-15 13:50:00,9638.919600000007,9119.2,519.7196000000058,1.0238399999998364,0.0
2022-02-15 13:51:00,9638.919600000007,9119.2,519.7196000000058,1.8238399999991088,0.0
2022-02-15 13:52:00,9638.919600000007,9119.2,519.7196000000058,1.8238399999991088,0.0
2022-02-15 13:53:00,9638.919600000007,9119.2,519.7196000000058,1.8238399999991088,0.0
2022-02-15 13:55:00,9643.268080000005,9130.4,512.8680800000056,6.174559999999474,0.0
2022-02-15 13:57:00,9640.068080000006,9127.2,512.8680800000056,-1.3745599999983824,0.0
2022-02-15 13:58:00,9640.068080000006,9127.2,512.8680800000056,1.8254400000005262,0.0
2022-02-15 13:59:00,9640.068080000006,9127.2,512.8680800000056,1.8254400000005262,0.0
2022-02-15 14:00:00,9640.068080000006,9127.2,512.8680800000056,1.8254400000005262,0.0
2022-02-15 14:03:00,9629.222720000005,9106.8,522.4227200000059,-9.024000000001251,0.0
2022-02-15 14:14:00,9628.779600000005,9105.6,523.1796000000049,1.3780000000006112,0.0
2022-02-15 14:15:00,9628.779600000005,9105.6,523.1796000000049,1.8211200000005192,0.0
2022-02-15 14:16:00,9628.779600000005,9105.6,523.1796000000049,1.8211200000005192,0.0
2022-02-15 14:17:00,9628.779600000005,9105.6,523.1796000000049,1.8211200000005192,0.0
2022-02-15 14:26:00,9629.535680000005,9109.6,519.9356800000041,2.57799999999952,0.0
2022-02-15 14:31:00,9625.889600000004,9120.8,505.0896000000048,-1.8219200000003184,0.0
2022-02-15 14:32:00,9625.889600000004,9120.8,505.0896000000048,1.82416000000012,0.0
2022-02-15 14:34:00,9627.439120000006,9126.4,501.03912000000673,3.3748000000014144,0.0
2022-02-15 14:35:00,9627.439120000006,9126.4,501.03912000000673,1.8252799999991112,0.0
2022-02-15 14:36:00,9627.439120000006,9126.4,501.03912000000673,1.8252799999991112,0.0
2022-02-15 14:37:00,9627.439120000006,9126.4,501.03912000000673,1.8252799999991112,0.0
2022-02-15 14:38:00,9627.439120000006,9126.4,501.03912000000673,1.8252799999991112,0.0
2022-02-15 14:39:00,9627.439120000006,9126.4,501.03912000000673,1.8252799999991112,0.0
2022-02-15 14:40:00,9627.439120000006,9126.4,501.03912000000673,1.8252799999991112,0.0
2022-02-15 14:41:00,9627.439120000006,9126.4,501.03912000000673,1.8252799999991112,0.0
2022-02-15 14:42:00,9627.439120000006,9126.4,501.03912000000673,1.8252799999991112,0.0
2022-02-15 14:43:00,9627.439120000006,9126.4,501.03912000000673,1.8252799999991112,0.0
2022-02-15 14:48:00,9642.181200000005,9144.8,497.38120000000526,16.571039999998902,0.0
2022-02-15 14:49:00,9642.181200000005,9144.8,497.38120000000526,1.828960000000734,0.0
2022-02-15 14:50:00,9642.181200000005,9144.8,497.38120000000526,1.828960000000734,0.0
2022-02-15 14:51:00,9642.181200000005,9144.8,497.38120000000526,1.828960000000734,0.0
2022-02-15 14:52:00,9642.181200000005,9144.8,497.38120000000526,1.828960000000734,0.0
2022-02-15 14:53:00,9642.181200000005,9144.8,497.38120000000526,1.828960000000734,0.0
2022-02-15 14:54:00,9642.181200000005,9144.8,497.38120000000526,1.828960000000734,0.0
2022-02-15 14:55:00,9642.181200000005,9144.8,497.38120000000526,1.828960000000734,0.0
2022-02-15 14:57:00,9640.922560000006,9146.0,494.92256000000634,0.5705600000019331,0.0
2022-02-15 14:58:00,9640.922560000006,9146.0,494.92256000000634,1.829200000000128,0.0
2022-02-15 14:59:00,9640.922560000006,9146.0,494.92256000000634,1.829200000000128,0.0
2022-02-15 15:00:00,9640.922560000006,9146.0,494.92256000000634,1.829200000000128,0.0
2022-02-16 11:13:00,9672.843040000007,9216.0,456.843040000007,33.76368000000002,0.0
2022-02-16 13:26:00,9657.963200000007,9194.4,463.5632000000078,-13.040960000000268,0.0
2022-02-16 13:41:00,9654.763200000009,9191.2,463.5632000000078,-1.3617599999997765,0.0
2022-02-16 13:42:00,9654.763200000009,9191.2,463.5632000000078,1.8382399999991321,0.0
2022-02-16 13:43:00,9654.763200000009,9191.2,463.5632000000078,1.8382399999991321,0.0
2022-02-16 13:44:00,9654.763200000009,9191.2,463.5632000000078,1.8382399999991321,0.0
2022-02-16 13:45:00,9654.763200000009,9191.2,463.5632000000078,1.8382399999991321,0.0
2022-02-16 13:46:00,9654.763200000009,9191.2,463.5632000000078,1.8382399999991321,0.0
2022-02-16 13:47:00,9654.763200000009,9191.2,463.5632000000078,1.8382399999991321,0.0
2022-02-16 13:48:00,9654.763200000009,9191.2,463.5632000000078,1.8382399999991321,0.0
2022-02-16 13:49:00,9654.763200000009,9191.2,463.5632000000078,1.8382399999991321,0.0
2022-02-16 13:54:00,9658.363200000007,9194.8,463.5632000000078,5.438959999997678,0.0
2022-02-16 14:01:00,9651.885840000008,9194.8,457.08584000000883,-4.63839999999982,0.0
2022-02-16 14:02:00,9651.885840000008,9194.8,457.08584000000883,1.8389599999991333,0.0
2022-02-16 14:03:00,9651.885840000008,9194.8,457.08584000000883,1.8389599999991333,0.0
2022-02-16 14:04:00,9651.885840000008,9194.8,457.08584000000883,1.8389599999991333,0.0
2022-02-16 14:20:00,9631.815840000008,9171.6,460.21584000000803,-18.235679999999775,0.0
2022-02-16 14:21:00,9631.815840000008,9171.6,460.21584000000803,1.8343199999999342,0.0
2022-02-16 14:22:00,9631.815840000008,9171.6,460.21584000000803,1.8343199999999342,0.0
2022-02-16 14:23:00,9631.815840000008,9171.6,460.21584000000803,1.8343199999999342,0.0
2022-02-16 14:29:00,9631.345440000006,9177.2,454.1454400000057,1.3650399999987712,0.0
2022-02-16 14:30:00,9631.345440000006,9177.2,454.1454400000057,1.8354400000007445,0.0
2022-02-16 14:35:00,9629.272960000006,9183.6,445.67296000000533,-0.23576000000139175,0.0
2022-02-16 14:36:00,9629.272960000006,9183.6,445.67296000000533,1.8367199999993318,0.0
2022-02-16 14:37:00,9629.272960000006,9183.6,445.67296000000533,1.8367199999993318,0.0
2022-02-16 14:38:00,9629.272960000006,9183.6,445.67296000000533,1.8367199999993318,0.0
2022-02-16 14:39:00,9629.272960000006,9183.6,445.67296000000533,1.8367199999993318,0.0
2022-02-16 14:49:00,9624.872960000006,9179.2,445.67296000000533,-2.5641599999999016,0.0
2022-02-17 09:35:00,9627.198560000006,9186.8,440.3985600000069,4.162959999999657,0.0
2022-02-17 09:36:00,9627.198560000006,9186.8,440.3985600000069,1.837359999999535,0.0
2022-02-17 09:40:00,9621.998560000007,9181.6,440.3985600000069,-3.363679999998567,0.0
2022-02-17 09:41:00,9621.998560000007,9181.6,440.3985600000069,1.8363200000003417,0.0
2022-02-17 09:43:00,9626.723200000008,9186.8,439.92320000000836,6.561999999999898,0.0
2022-02-17 09:46:00,9625.523200000009,9185.6,439.92320000000836,0.6371200000012323,0.0
2022-02-17 09:55:00,9620.323200000008,9180.4,439.92320000000836,-3.363920000001599,0.0
2022-02-17 09:56:00,9620.323200000008,9180.4,439.92320000000836,1.8360799999991286,0.0
2022-02-17 09:57:00,9620.323200000008,9180.4,439.92320000000836,1.8360799999991286,0.0
2022-02-17 09:58:00,9620.323200000008,9180.4,439.92320000000836,1.8360799999991286,0.0
2022-02-17 09:59:00,9620.323200000008,9180.4,439.92320000000836,1.8360799999991286,0.0
2022-02-18 09:34:00,9671.841680000009,9172.0,499.84168000000864,53.35288000000037,0.0
2022-02-18 09:35:00,9671.841680000009,9172.0,499.84168000000864,1.8343999999997322,0.0
2022-02-18 09:36:00,9671.841680000009,9172.0,499.84168000000864,1.8343999999997322,0.0
2022-02-18 09:39:00,9681.841680000009,9182.0,499.84168000000864,11.83640000000014,0.0
2022-02-18 09:40:00,9681.841680000009,9182.0,499.84168000000864,1.8364000000001397,0.0
2022-02-18 09:45:00,9668.641680000008,9168.8,499.84168000000864,-11.366240000001198,0.0
2022-02-18 09:51:00,9674.641680000008,9174.8,499.84168000000864,7.834960000000137,0.0
2022-02-18 09:52:00,9674.641680000008,9174.8,499.84168000000864,1.8349600000001374,0.0
2022-02-18 09:54:00,9673.04168000001,9173.2,499.84168000000864,0.2346400000005815,0.0
2022-02-18 09:57:00,9693.04168000001,9193.2,499.84168000000864,21.83863999999994,0.0
2022-02-18 09:58:00,9693.04168000001,9193.2,499.84168000000864,1.8386399999999412,0.0
2022-02-18 09:59:00,9693.04168000001,9193.2,499.84168000000864,1.8386399999999412,0.0
2022-02-18 10:00:00,9693.04168000001,9193.2,499.84168000000864,1.8386399999999412,0.0
2022-02-18 10:01:00,9693.04168000001,9193.2,499.84168000000864,1.8386399999999412,0.0
2022-02-18 10:02:00,9693.04168000001,9193.2,499.84168000000864,1.8386399999999412,0.0
2022-02-18 10:07:00,9686.563120000008,9202.4,484.16312000000835,-4.6380800000006275,0.0
2022-02-18 10:08:00,9686.563120000008,9202.4,484.16312000000835,1.8404800000007526,0.0
2022-02-18 10:11:00,9685.281600000008,9202.8,482.48160000000826,0.5590400000000955,0.0
2022-02-18 10:12:00,9685.281600000008,9202.8,482.48160000000826,1.8405600000005506,0.0
2022-02-18 10:13:00,9685.281600000008,9202.8,482.48160000000826,1.8405600000005506,0.0
2022-02-18 10:49:00,9682.401680000008,9196.0,486.4016800000081,-1.0407199999990553,0.0
2022-02-18 10:54:00,9687.601680000009,9201.2,486.4016800000081,7.040240000000267,0.0
2022-02-18 10:55:00,9687.601680000009,9201.2,486.4016800000081,1.8402399999995396,0.0
2022-02-18 10:56:00,9687.601680000009,9201.2,486.4016800000081,1.8402399999995396,0.0
2022-02-18 10:57:00,9687.601680000009,9201.2,486.4016800000081,1.8402399999995396,0.0
2022-02-18 10:58:00,9687.601680000009,9201.2,486.4016800000081,1.8402399999995396,0.0
2022-02-18 11:11:00,9682.801680000008,9196.4,486.4016800000081,-2.960720000000947,0.0
2022-02-18 11:12:00,9682.801680000008,9196.4,486.4016800000081,1.8392800000001444,0.0
2022-02-18 11:29:00,9671.124560000007,9197.2,473.92456000000675,-9.837680000000546,0.0
2022-02-18 11:30:00,9671.124560000007,9197.2,473.92456000000675,1.8394399999997404,0.0
2022-02-18 13:01:00,9671.124560000007,9197.2,473.92456000000675,1.8394399999997404,0.0
2022-02-18 13:02:00,9671.124560000007,9197.2,473.92456000000675,1.8394399999997404,0.0
2022-02-18 13:03:00,9671.124560000007,9197.2,473.92456000000675,1.8394399999997404,0.0
2022-02-18 13:04:00,9671.124560000007,9197.2,473.92456000000675,1.8394399999997404,0.0
2022-02-21 09:55:00,9712.236160000006,9200.0,512.2361600000058,42.95159999999851,2.0
2022-02-21 09:59:00,9711.436160000007,9199.2,512.2361600000058,1.039840000001277,0.0
2022-02-21 10:16:00,9709.436160000007,9197.2,512.2361600000058,-0.1605600000002596,0.0
2022-02-21 10:26:00,9700.559440000005,9191.6,508.9594400000042,-7.038400000001275,0.0
2022-02-21 10:40:00,9694.882400000004,9195.6,499.2824000000037,-3.83791999999994,0.0
2022-02-21 10:43:00,9689.282400000004,9190.0,499.2824000000037,-3.7620000000006257,0.0
2022-02-21 11:03:00,9681.609280000004,9179.6,502.00928000000386,-5.837199999999939,0.0
2022-02-21 11:04:00,9681.609280000004,9179.6,502.00928000000386,1.8359199999995326,0.0
2022-02-21 11:05:00,9681.609280000004,9179.6,502.00928000000386,1.8359199999995326,0.0
2022-02-21 11:06:00,9681.609280000004,9179.6,502.00928000000386,1.8359199999995326,0.0
2022-02-21 11:07:00,9681.609280000004,9179.6,502.00928000000386,1.8359199999995326,0.0
2022-02-21 11:20:00,9685.933760000005,9190.0,495.93376000000535,6.162480000000869,0.0
2022-02-21 11:21:00,9685.933760000005,9190.0,495.93376000000535,1.837999999999738,0.0
2022-02-21 11:22:00,9685.933760000005,9190.0,495.93376000000535,1.837999999999738,0.0
2022-02-21 11:23:00,9685.933760000005,9190.0,495.93376000000535,1.837999999999738,0.0
2022-02-21 11:24:00,9685.933760000005,9190.0,495.93376000000535,1.837999999999738,0.0
2022-02-21 11:25:00,9685.933760000005,9190.0,495.93376000000535,1.837999999999738,0.0
2022-02-21 11:26:00,9685.933760000005,9190.0,495.93376000000535,1.837999999999738,0.0
2022-02-21 13:08:00,9679.457840000006,9192.4,487.05784000000676,-4.637439999998605,0.0
2022-02-21 13:09:00,9679.457840000006,9192.4,487.05784000000676,1.8384800000003452,0.0
2022-02-21 13:10:00,9679.457840000006,9192.4,487.05784000000676,1.8384800000003452,0.0
2022-02-21 13:11:00,9679.457840000006,9192.4,487.05784000000676,1.8384800000003452,0.0
2022-02-21 13:12:00,9679.457840000006,9192.4,487.05784000000676,1.8384800000003452,0.0
2022-02-21 13:13:00,9679.457840000006,9192.4,487.05784000000676,1.8384800000003452,0.0
2022-02-21 13:14:00,9679.457840000006,9192.4,487.05784000000676,1.8384800000003452,0.0
2022-02-21 13:15:00,9679.457840000006,9192.4,487.05784000000676,1.8384800000003452,0.0
2022-02-21 13:16:00,9679.457840000006,9192.4,487.05784000000676,1.8384800000003452,0.0
2022-02-21 13:17:00,9679.457840000006,9192.4,487.05784000000676,1.8384800000003452,0.0
2022-02-21 13:18:00,9679.457840000006,9192.4,487.05784000000676,1.8384800000003452,0.0
2022-02-21 13:19:00,9679.457840000006,9192.4,487.05784000000676,1.8384800000003452,0.0
2022-02-21 13:29:00,9696.172960000007,9211.6,484.5729600000068,18.557440000000497,0.0
2022-02-21 13:30:00,9696.172960000007,9211.6,484.5729600000068,1.842319999999745,0.0
2022-02-21 13:33:00,9698.172960000007,9213.6,484.5729600000068,3.842720000000554,0.0
2022-02-21 13:34:00,9698.172960000007,9213.6,484.5729600000068,1.8427200000005541,0.0
2022-02-21 13:57:00,9686.094720000008,9186.0,500.09472000000824,-10.241039999998975,0.0
2022-02-21 13:58:00,9686.094720000008,9186.0,500.09472000000824,1.8371999999999389,0.0
2022-02-21 14:08:00,9680.42216000001,9178.8,501.6221600000099,-3.83679999999913,0.0
2022-02-21 14:14:00,9674.42216000001,9172.8,501.6221600000099,-4.165440000000672,0.0
2022-02-21 14:15:00,9674.42216000001,9172.8,501.6221600000099,1.8345599999993283,0.0
2022-02-21 14:17:00,9683.22216000001,9181.6,501.6221600000099,10.636320000001433,0.0
2022-02-21 14:18:00,9683.22216000001,9181.6,501.6221600000099,1.8363200000003417,0.0
2022-02-21 14:19:00,9683.22216000001,9181.6,501.6221600000099,1.8363200000003417,0.0
2022-02-21 14:21:00,9683.62216000001,9182.0,501.6221600000099,2.236399999999776,0.0
2022-02-21 14:22:00,9683.62216000001,9182.0,501.6221600000099,1.8364000000001397,0.0
2022-02-21 14:29:00,9683.54704000001,9190.0,493.5470400000104,1.762880000000223,0.0
2022-02-21 14:30:00,9683.54704000001,9190.0,493.5470400000104,1.837999999999738,0.0
2022-02-21 14:31:00,9683.54704000001,9190.0,493.5470400000104,1.837999999999738,0.0
2022-02-21 14:32:00,9683.54704000001,9190.0,493.5470400000104,1.837999999999738,0.0
2022-02-21 14:33:00,9683.54704000001,9190.0,493.5470400000104,1.837999999999738,0.0
2022-02-21 14:34:00,9683.54704000001,9190.0,493.5470400000104,1.837999999999738,0.0
2022-02-21 14:35:00,9683.54704000001,9190.0,493.5470400000104,1.837999999999738,0.0
2022-02-21 14:36:00,9683.54704000001,9190.0,493.5470400000104,1.837999999999738,0.0
2022-02-21 14:37:00,9683.54704000001,9190.0,493.5470400000104,1.837999999999738,0.0
2022-02-21 14:39:00,9688.667280000009,9200.0,488.66728000000876,6.960239999998521,0.0
2022-02-21 14:40:00,9688.667280000009,9200.0,488.66728000000876,1.8400000000001455,0.0
2022-02-21 14:41:00,9688.667280000009,9200.0,488.66728000000876,1.8400000000001455,0.0
2022-02-21 14:42:00,9688.667280000009,9200.0,488.66728000000876,1.8400000000001455,0.0
2022-02-21 14:43:00,9688.667280000009,9200.0,488.66728000000876,1.8400000000001455,0.0
2022-02-21 14:46:00,9693.38304000001,9212.8,480.58304000001044,6.558320000000094,0.0
2022-02-21 14:50:00,9687.69768000001,9216.0,471.6976800000102,-3.842160000000149,0.0
2022-02-21 14:53:00,9685.21048000001,9218.8,466.4104800000114,-0.6434399999998277,0.0
2022-02-21 14:54:00,9685.21048000001,9218.8,466.4104800000114,1.8437599999997474,0.0
2022-02-21 14:55:00,9685.21048000001,9218.8,466.4104800000114,1.8437599999997474,0.0
2022-02-21 14:57:00,9685.21048000001,9218.8,466.4104800000114,1.8437599999997474,0.0
2022-02-22 09:37:00,9677.944480000013,9114.8,563.1444800000136,-5.443039999998291,0.0
2022-02-22 09:43:00,9685.895120000014,9120.4,565.4951200000141,9.774720000001253,0.0
2022-02-22 09:44:00,9685.895120000014,9120.4,565.4951200000141,1.8240800000003219,0.0
2022-02-22 09:46:00,9675.451680000015,9103.6,571.8516800000143,-8.62271999999939,0.0
2022-02-22 09:47:00,9675.451680000015,9103.6,571.8516800000143,1.8207199999997101,0.0
2022-02-22 09:48:00,9675.451680000015,9103.6,571.8516800000143,1.8207199999997101,0.0
2022-02-22 09:50:00,9659.415440000015,9090.0,569.4154400000152,-14.21824000000015,0.0
2022-02-22 09:51:00,9659.415440000015,9090.0,569.4154400000152,1.8179999999993015,0.0
2022-02-22 09:55:00,9650.184640000014,9069.6,580.5846400000137,-7.416880000000674,0.0
2022-02-22 09:57:00,9648.955200000015,9075.2,573.7552000000142,0.5856000000003405,0.0
2022-02-22 09:58:00,9648.955200000015,9075.2,573.7552000000142,1.8150399999994988,0.0
2022-02-22 09:59:00,9648.955200000015,9075.2,573.7552000000142,1.8150399999994988,0.0
2022-02-22 10:00:00,9648.955200000015,9075.2,573.7552000000142,1.8150399999994988,0.0
2022-02-22 10:01:00,9648.955200000015,9075.2,573.7552000000142,1.8150399999994988,0.0
2022-02-22 10:02:00,9648.955200000015,9075.2,573.7552000000142,1.8150399999994988,0.0
2022-02-22 10:03:00,9648.955200000015,9075.2,573.7552000000142,1.8150399999994988,0.0
2022-02-22 10:04:00,9648.955200000015,9075.2,573.7552000000142,1.8150399999994988,0.0
2022-02-22 10:05:00,9648.955200000015,9075.2,573.7552000000142,1.8150399999994988,0.0
2022-02-22 10:06:00,9648.955200000015,9075.2,573.7552000000142,1.8150399999994988,0.0
2022-02-22 10:08:00,9625.732240000014,9059.2,566.5322400000132,-21.411120000000665,0.0
2022-02-22 10:09:00,9625.732240000014,9059.2,566.5322400000132,1.811840000000302,0.0
2022-02-22 10:10:00,9625.732240000014,9059.2,566.5322400000132,1.811840000000302,0.0
2022-02-22 10:11:00,9625.732240000014,9059.2,566.5322400000132,1.811840000000302,0.0
2022-02-22 10:12:00,9625.732240000014,9059.2,566.5322400000132,1.811840000000302,0.0
2022-02-22 10:15:00,9622.107440000014,9064.8,557.307440000015,-1.811840000000302,0.0
2022-02-22 10:19:00,9618.882000000016,9062.0,556.882000000016,-1.4130399999976362,0.0
2022-02-22 10:22:00,9623.653920000015,9070.0,553.6539200000152,6.585919999999533,0.0
2022-02-22 10:24:00,9626.053920000015,9072.4,553.6539200000152,4.21447999999873,0.0
2022-02-22 10:26:00,9621.224960000016,9073.6,547.6249600000156,-3.0142399999986083,0.0
2022-02-22 10:37:00,9610.800800000015,9054.0,556.8008000000154,-8.613360000001194,0.0
2022-02-22 10:43:00,9604.381280000016,9046.4,557.9812800000163,-4.610239999999976,0.0
2022-02-22 10:44:00,9604.381280000016,9046.4,557.9812800000163,1.8092799999994895,0.0
2022-02-22 10:47:00,9606.358880000016,9060.0,546.3588800000161,3.789600000000064,0.0
2022-02-22 10:51:00,9606.334720000017,9057.2,549.1347200000164,1.7872800000004645,0.0
2022-02-22 10:59:00,9603.109440000018,9068.8,534.3094400000191,-1.4115199999996548,0.0
2022-02-22 11:01:00,9598.709440000019,9064.4,534.3094400000191,-2.587120000000141,0.0
2022-02-22 11:06:00,9604.30944000002,9070.0,534.3094400000191,7.414000000000669,0.0
2022-02-22 11:09:00,9597.88160000002,9072.0,525.8816000000206,-4.613439999999173,0.0
2022-02-22 11:10:00,9597.88160000002,9072.0,525.8816000000206,1.8143999999992957,0.0
2022-02-22 11:11:00,9597.88160000002,9072.0,525.8816000000206,1.8143999999992957,0.0
2022-02-22 11:12:00,9597.88160000002,9072.0,525.8816000000206,1.8143999999992957,0.0
2022-02-22 11:15:00,9586.25688000002,9059.6,526.6568800000205,-9.812799999999697,0.0
2022-02-22 11:16:00,9586.25688000002,9059.6,526.6568800000205,1.8119200000001001,0.0
2022-02-22 11:20:00,9587.830320000021,9068.0,519.830320000021,3.3870399999996152,0.0
2022-02-22 11:22:00,9578.20616000002,9058.8,519.4061600000205,-7.812400000000707,0.0
2022-02-22 11:23:00,9578.20616000002,9058.8,519.4061600000205,1.811760000000504,0.0
2022-02-22 11:24:00,9578.20616000002,9058.8,519.4061600000205,1.811760000000504,0.0
2022-02-22 11:25:00,9578.20616000002,9058.8,519.4061600000205,1.811760000000504,0.0
2022-02-22 11:27:00,9581.80616000002,9062.4,519.4061600000205,5.412480000000869,0.0
2022-02-22 11:28:00,9581.80616000002,9062.4,519.4061600000205,1.8124800000005052,0.0
2022-02-22 11:30:00,9577.38232000002,9057.6,519.7823200000203,-2.6123200000001816,0.0
2022-02-22 13:02:00,9576.55768000002,9062.8,513.7576800000206,0.9879199999995762,0.0
2022-02-22 13:07:00,9580.92944000002,9070.4,510.52944000002026,6.185840000000098,0.0
2022-02-22 13:08:00,9580.92944000002,9070.4,510.52944000002026,1.8140800000001036,0.0
2022-02-22 13:13:00,9571.30344000002,9065.6,505.7034400000193,-7.812879999999495,0.0
2022-02-22 13:14:00,9571.30344000002,9065.6,505.7034400000193,1.8131200000007084,0.0
2022-02-22 13:18:00,9553.28104000002,9060.8,492.4810400000206,-16.21024000000034,0.0
2022-02-22 13:19:00,9553.28104000002,9060.8,492.4810400000206,1.8121599999994942,0.0
2022-02-22 13:35:00,9546.054960000021,9073.2,472.8549600000206,-5.411439999998038,0.0
2022-02-22 13:36:00,9546.054960000021,9073.2,472.8549600000206,1.8146400000005087,0.0
2022-02-22 13:40:00,9535.22768000002,9070.4,464.82768000002034,-9.013200000001234,0.0
2022-02-22 13:41:00,9535.22768000002,9070.4,464.82768000002034,1.8140800000001036,0.0
2022-02-22 13:42:00,9535.22768000002,9070.4,464.82768000002034,1.8140800000001036,0.0
2022-02-22 13:45:00,9523.60168000002,9067.6,456.0016800000194,-9.812480000000505,0.0
2022-02-22 13:46:00,9523.60168000002,9067.6,456.0016800000194,1.8135199999996985,0.0
2022-02-22 13:47:00,9523.60168000002,9067.6,456.0016800000194,1.8135199999996985,0.0
2022-02-22 13:50:00,9515.97656000002,9062.0,453.97656000001916,-5.812719999999899,0.0
2022-02-22 13:51:00,9515.97656000002,9062.0,453.97656000001916,1.8124000000007072,0.0
2022-02-22 13:52:00,9515.97656000002,9062.0,453.97656000001916,1.8124000000007072,0.0
2022-02-22 13:53:00,9515.97656000002,9062.0,453.97656000001916,1.8124000000007072,0.0
2022-02-22 13:54:00,9515.97656000002,9062.0,453.97656000001916,1.8124000000007072,0.0
2022-02-22 13:56:00,9518.776560000018,9064.8,453.97656000001916,4.612959999998566,0.0
2022-02-22 13:57:00,9518.776560000018,9064.8,453.97656000001916,1.8129599999992934,0.0
2022-02-22 13:58:00,9518.776560000018,9064.8,453.97656000001916,1.8129599999992934,0.0
2022-02-22 13:59:00,9518.776560000018,9064.8,453.97656000001916,1.8129599999992934,0.0
2022-02-22 14:00:00,9518.776560000018,9064.8,453.97656000001916,1.8129599999992934,0.0
2022-02-22 14:01:00,9518.776560000018,9064.8,453.97656000001916,1.8129599999992934,0.0
2022-02-22 14:02:00,9518.776560000018,9064.8,453.97656000001916,1.8129599999992934,0.0
2022-02-22 14:03:00,9518.776560000018,9064.8,453.97656000001916,1.8129599999992934,0.0
2022-02-22 14:04:00,9518.776560000018,9064.8,453.97656000001916,1.8129599999992934,0.0
2022-02-22 14:08:00,9504.35320000002,9062.8,441.5532000000203,-12.610799999998562,0.0
2022-02-22 14:09:00,9504.35320000002,9062.8,441.5532000000203,1.8125600000003033,0.0
2022-02-22 14:25:00,9495.52704000002,9073.2,422.32704000002013,-7.0115199999982,0.0
2022-02-22 14:40:00,9488.29456000002,9092.8,395.494560000021,-5.413920000000871,0.0
2022-02-22 14:42:00,9488.694560000022,9093.2,395.494560000021,2.21864000000096,0.0
2022-02-22 14:43:00,9488.694560000022,9093.2,395.494560000021,1.8186399999995047,0.0
2022-02-22 14:44:00,9488.694560000022,9093.2,395.494560000021,1.8186399999995047,0.0
2022-02-22 14:45:00,9488.694560000022,9093.2,395.494560000021,1.8186399999995047,0.0
2022-02-23 09:34:00,9488.64680000002,9142.0,346.64680000002045,1.780639999999039,0.0
2022-02-23 09:37:00,9491.04680000002,9144.4,346.64680000002045,4.228879999998753,0.0
2022-02-23 09:38:00,9491.04680000002,9144.4,346.64680000002045,1.828879999999117,0.0
2022-02-23 09:49:00,9484.59160000002,9134.4,350.1916000000201,-4.628319999999803,0.0
2022-02-23 09:50:00,9484.59160000002,9134.4,350.1916000000201,1.8268800000005285,0.0
2022-02-23 09:52:00,9476.59160000002,9126.4,350.1916000000201,-6.174720000000889,0.0
2022-02-23 09:53:00,9476.59160000002,9126.4,350.1916000000201,1.8252799999991112,0.0
2022-02-23 09:54:00,9476.59160000002,9126.4,350.1916000000201,1.8252799999991112,0.0
2022-02-23 10:03:00,9473.79160000002,9123.6,350.1916000000201,-0.9752799999987474,0.0
2022-02-23 10:06:00,9480.53776000002,9135.2,345.33776000001853,8.573199999998906,0.0
2022-02-23 10:09:00,9482.081200000019,9142.4,339.6812000000191,3.371919999999591,0.0
2022-02-23 10:10:00,9482.081200000019,9142.4,339.6812000000191,1.828480000000127,0.0
2022-02-23 10:11:00,9482.081200000019,9142.4,339.6812000000191,1.828480000000127,0.0
2022-02-23 10:13:00,9478.88120000002,9139.2,339.6812000000191,-1.3721599999989849,0.0
2022-02-23 10:14:00,9478.88120000002,9139.2,339.6812000000191,1.8278399999999237,0.0
2022-02-23 10:16:00,9480.081200000019,9140.4,339.6812000000191,3.0280799999982264,0.0
2022-02-23 10:28:00,9466.02856000002,9133.2,332.82856000001993,-12.225999999998749,0.0
2022-02-23 10:37:00,9459.17496000002,9138.0,321.1749600000203,-5.02599999999984,0.0
2022-02-23 10:45:00,9459.11720000002,9147.2,311.9172000000199,1.771679999999833,0.0
2022-02-23 10:47:00,9448.261760000021,9137.2,311.0617600000205,-9.028000000000247,0.0
2022-02-23 10:56:00,9450.261760000021,9139.2,311.0617600000205,3.8278399999999237,0.0
2022-02-23 11:05:00,9450.604800000021,9141.6,309.0048000000206,2.171360000000277,0.0
2022-02-23 11:06:00,9450.604800000021,9141.6,309.0048000000206,1.8283200000005309,0.0
2022-02-23 11:08:00,9456.943680000022,9154.0,302.94368000002214,8.16968000000088,0.0
2022-02-23 11:09:00,9456.943680000022,9154.0,302.94368000002214,1.8307999999997264,0.0
2022-02-23 13:01:00,9451.684400000022,9144.0,307.6844000000219,-3.430480000000898,0.0
2022-02-23 13:02:00,9451.684400000022,9144.0,307.6844000000219,1.828799999999319,0.0
2022-02-23 13:03:00,9451.684400000022,9144.0,307.6844000000219,1.828799999999319,0.0
2022-02-23 13:04:00,9451.684400000022,9144.0,307.6844000000219,1.828799999999319,0.0
2022-02-23 13:07:00,9467.617200000022,9172.4,295.2172000000228,17.767280000000028,0.0
2022-02-23 13:10:00,9466.746560000023,9178.0,288.74656000002324,0.964960000001156,0.0
2022-02-23 13:11:00,9466.746560000023,9178.0,288.74656000002324,1.8356000000003405,0.0
2022-02-23 13:12:00,9466.746560000023,9178.0,288.74656000002324,1.8356000000003405,0.0
2022-02-23 13:13:00,9466.746560000023,9178.0,288.74656000002324,1.8356000000003405,0.0
2022-02-23 13:14:00,9466.746560000023,9178.0,288.74656000002324,1.8356000000003405,0.0
2022-02-23 13:15:00,9466.746560000023,9178.0,288.74656000002324,1.8356000000003405,0.0
2022-02-23 13:16:00,9466.746560000023,9178.0,288.74656000002324,1.8356000000003405,0.0
2022-02-23 13:18:00,9460.346560000024,9171.6,288.74656000002324,-4.565679999999702,0.0
2022-02-23 13:19:00,9460.346560000024,9171.6,288.74656000002324,1.8343199999999342,0.0
2022-02-23 13:20:00,9460.346560000024,9171.6,288.74656000002324,1.8343199999999342,0.0
2022-02-23 13:22:00,9463.146560000023,9174.4,288.74656000002324,4.634879999999612,0.0
2022-02-23 13:23:00,9463.146560000023,9174.4,288.74656000002324,1.8348800000003394,0.0
2022-02-23 13:59:00,9459.077920000023,9169.2,289.87792000002264,-2.2348000000001775,0.0
2022-02-23 14:00:00,9459.077920000023,9169.2,289.87792000002264,1.8338399999993271,0.0
2022-02-23 14:01:00,9459.077920000023,9169.2,289.87792000002264,1.8338399999993271,0.0
2022-02-23 14:05:00,9460.277920000022,9170.4,289.87792000002264,3.0340799999994488,0.0
2022-02-23 14:07:00,9466.277920000022,9176.4,289.87792000002264,7.8352799999993294,0.0
2022-02-23 14:08:00,9466.277920000022,9176.4,289.87792000002264,1.8352799999993294,0.0
2022-02-23 14:09:00,9466.277920000022,9176.4,289.87792000002264,1.8352799999993294,0.0
2022-02-24 10:33:00,9414.277920000022,9124.4,289.87792000002264,-50.17511999999988,0.0
2022-02-24 10:34:00,9414.277920000022,9124.4,289.87792000002264,1.824880000000121,0.0
2022-02-24 10:35:00,9414.277920000022,9124.4,289.87792000002264,1.824880000000121,0.0
2022-02-24 10:36:00,9414.277920000022,9124.4,289.87792000002264,1.824880000000121,0.0
2022-02-24 10:37:00,9414.277920000022,9124.4,289.87792000002264,1.824880000000121,0.0
2022-02-24 10:39:00,9417.877920000023,9128.0,289.87792000002264,5.425600000000486,0.0
2022-02-23 14:10:00,9417.877920000023,9128.0,289.87792000002264,1.8256000000001222,-1.0
2022-02-23 14:11:00,9417.877920000023,9128.0,289.87792000002264,1.8256000000001222,0.0
2022-02-23 14:12:00,9417.877920000023,9128.0,289.87792000002264,1.8256000000001222,0.0
2022-02-23 14:17:00,9471.404160000024,9183.6,287.80416000002333,55.362960000000385,0.0
2022-02-23 14:18:00,9471.404160000024,9183.6,287.80416000002333,1.8367199999993318,0.0
2022-02-23 14:19:00,9471.404160000024,9183.6,287.80416000002333,1.8367199999993318,0.0
2022-02-23 14:32:00,9469.331680000023,9177.2,292.13168000002224,-0.23703999999997905,0.0
2022-02-23 14:38:00,9460.459920000023,9186.8,273.6599200000237,-7.03440000000046,0.0
2022-02-23 14:45:00,9453.585280000025,9189.6,263.98528000002443,-5.03671999999824,0.0
2022-02-23 14:50:00,9449.907760000026,9198.0,251.90776000002552,-1.83791999999994,0.0
2022-02-23 14:51:00,9449.907760000026,9198.0,251.90776000002552,1.8395999999993364,0.0
2022-02-23 14:52:00,9449.907760000026,9198.0,251.90776000002552,1.8395999999993364,0.0
2022-02-23 14:54:00,9443.907760000026,9192.0,251.90776000002552,-4.161599999999453,0.0
2022-02-23 14:55:00,9443.907760000026,9192.0,251.90776000002552,1.8384000000005472,0.0
2022-02-24 09:33:00,9391.051600000024,9138.0,253.05160000002434,-51.02856000000065,0.0
2022-02-24 09:34:00,9391.051600000024,9138.0,253.05160000002434,1.8276000000005297,0.0
2022-02-24 09:35:00,9391.051600000024,9138.0,253.05160000002434,1.8276000000005297,0.0
2022-02-24 09:36:00,9391.051600000024,9138.0,253.05160000002434,1.8276000000005297,0.0
2022-02-24 09:40:00,9383.398880000024,9129.6,253.79888000002393,-5.8268000000007305,0.0
2022-02-24 09:43:00,9383.398880000024,9129.6,253.79888000002393,1.8259199999993143,0.0
2022-02-24 09:46:00,9366.951920000023,9118.0,248.95192000002316,-14.623360000001412,0.0
2022-02-24 09:47:00,9366.951920000023,9118.0,248.95192000002316,1.8235999999997148,0.0
2022-02-24 09:48:00,9366.951920000023,9118.0,248.95192000002316,1.8235999999997148,0.0
2022-02-24 10:20:00,9374.895520000024,9152.4,222.49552000002404,9.77408000000105,0.0
2022-02-24 10:21:00,9374.895520000024,9152.4,222.49552000002404,1.8304800000005343,0.0
2022-02-24 13:02:00,9278.095520000024,9055.6,222.49552000002404,-94.98887999999897,0.0
2022-02-24 13:03:00,9278.095520000024,9055.6,222.49552000002404,1.811120000000301,0.0
2022-02-24 13:04:00,9278.095520000024,9055.6,222.49552000002404,1.811120000000301,0.0
2022-02-24 13:05:00,9278.095520000024,9055.6,222.49552000002404,1.811120000000301,0.0
2022-02-24 13:06:00,9278.095520000024,9055.6,222.49552000002404,1.811120000000301,0.0
2022-02-24 13:07:00,9278.095520000024,9055.6,222.49552000002404,1.811120000000301,0.0
2022-02-24 13:08:00,9278.095520000024,9055.6,222.49552000002404,1.811120000000301,0.0
2022-02-24 13:09:00,9278.095520000024,9055.6,222.49552000002404,1.811120000000301,0.0
2022-02-24 10:55:00,9278.095520000024,9055.6,222.49552000002404,1.811120000000301,-1.0
2022-02-24 10:58:00,9344.846480000026,9119.2,225.6464800000249,68.57480000000032,0.0
2022-02-24 10:59:00,9344.846480000026,9119.2,225.6464800000249,1.8238399999991088,0.0
2022-02-24 11:00:00,9344.846480000026,9119.2,225.6464800000249,1.8238399999991088,0.0
2022-02-24 11:01:00,9344.846480000026,9119.2,225.6464800000249,1.8238399999991088,0.0
2022-02-24 11:02:00,9344.846480000026,9119.2,225.6464800000249,1.8238399999991088,0.0
2022-02-24 11:03:00,9344.846480000026,9119.2,225.6464800000249,1.8238399999991088,0.0
2022-02-24 11:04:00,9344.846480000026,9119.2,225.6464800000249,1.8238399999991088,0.0
2022-02-24 11:26:00,9314.014720000025,9066.8,247.2147200000254,-29.018400000000838,0.0
2022-02-24 11:27:00,9314.014720000025,9066.8,247.2147200000254,1.8133600000001024,0.0
2022-02-24 13:14:00,9317.994400000025,9027.2,290.7944000000243,5.785120000000461,0.0
2022-02-24 13:15:00,9317.994400000025,9027.2,290.7944000000243,1.8054400000000896,0.0
2022-02-24 13:16:00,9317.994400000025,9027.2,290.7944000000243,1.8054400000000896,0.0
2022-02-24 13:17:00,9317.994400000025,9027.2,290.7944000000243,1.8054400000000896,0.0
2022-02-24 13:18:00,9317.994400000025,9027.2,290.7944000000243,1.8054400000000896,0.0
2022-02-24 13:19:00,9317.994400000025,9027.2,290.7944000000243,1.8054400000000896,0.0
2022-02-24 13:20:00,9317.994400000025,9027.2,290.7944000000243,1.8054400000000896,0.0
2022-02-24 13:21:00,9317.994400000025,9027.2,290.7944000000243,1.8054400000000896,0.0
2022-02-24 13:22:00,9317.994400000025,9027.2,290.7944000000243,1.8054400000000896,0.0
2022-02-24 13:23:00,9317.994400000025,9027.2,290.7944000000243,1.8054400000000896,0.0
2022-02-24 13:24:00,9317.994400000025,9027.2,290.7944000000243,1.8054400000000896,0.0
2022-02-24 13:25:00,9317.994400000025,9027.2,290.7944000000243,1.8054400000000896,0.0
2022-02-24 13:26:00,9317.994400000025,9027.2,290.7944000000243,1.8054400000000896,0.0
2022-02-24 13:27:00,9317.994400000025,9027.2,290.7944000000243,1.8054400000000896,0.0
2022-02-24 13:28:00,9317.994400000025,9027.2,290.7944000000243,1.8054400000000896,0.0
2022-02-24 13:29:00,9317.994400000025,9027.2,290.7944000000243,1.8054400000000896,0.0
2022-02-24 13:30:00,9317.994400000025,9027.2,290.7944000000243,1.8054400000000896,0.0
2022-02-24 13:31:00,9317.994400000025,9027.2,290.7944000000243,1.8054400000000896,0.0
2022-02-24 13:32:00,9317.994400000025,9027.2,290.7944000000243,1.8054400000000896,0.0
2022-02-24 13:33:00,9317.994400000025,9027.2,290.7944000000243,1.8054400000000896,0.0
2022-02-24 13:34:00,9317.994400000025,9027.2,290.7944000000243,1.8054400000000896,0.0
2022-02-24 13:37:00,9304.385040000025,9029.6,274.7850400000243,-11.803439999999682,0.0
2022-02-24 13:38:00,9304.385040000025,9029.6,274.7850400000243,1.8059200000006967,0.0
2022-02-24 13:39:00,9304.385040000025,9029.6,274.7850400000243,1.8059200000006967,0.0
2022-02-24 13:40:00,9304.385040000025,9029.6,274.7850400000243,1.8059200000006967,0.0
2022-02-24 13:41:00,9304.385040000025,9029.6,274.7850400000243,1.8059200000006967,0.0
2022-02-24 13:42:00,9304.385040000025,9029.6,274.7850400000243,1.8059200000006967,0.0
2022-02-24 13:43:00,9304.385040000025,9029.6,274.7850400000243,1.8059200000006967,0.0
2022-02-24 14:00:00,9295.178640000024,9008.0,287.17864000002373,-7.40480000000025,0.0
2022-02-24 14:08:00,9281.585520000024,8967.6,313.9855200000238,-11.799600000000282,0.0
2022-02-24 14:09:00,9281.585520000024,8967.6,313.9855200000238,1.793519999999262,0.0
2022-02-24 14:10:00,9281.585520000024,8967.6,313.9855200000238,1.793519999999262,0.0
2022-02-24 14:11:00,9281.585520000024,8967.6,313.9855200000238,1.793519999999262,0.0
2022-02-24 14:12:00,9281.585520000024,8967.6,313.9855200000238,1.793519999999262,0.0
2022-02-24 14:13:00,9281.585520000024,8967.6,313.9855200000238,1.793519999999262,0.0
2022-02-24 14:14:00,9281.585520000024,8967.6,313.9855200000238,1.793519999999262,0.0
2022-02-24 14:15:00,9281.585520000024,8967.6,313.9855200000238,1.793519999999262,0.0
2022-02-24 14:16:00,9281.585520000024,8967.6,313.9855200000238,1.793519999999262,0.0
2022-02-24 14:17:00,9281.585520000024,8967.6,313.9855200000238,1.793519999999262,0.0
2022-02-24 14:18:00,9281.585520000024,8967.6,313.9855200000238,1.793519999999262,0.0
2022-02-24 14:19:00,9281.585520000024,8967.6,313.9855200000238,1.793519999999262,0.0
2022-02-24 14:20:00,9281.585520000024,8967.6,313.9855200000238,1.793519999999262,0.0
2022-02-24 14:21:00,9281.585520000024,8967.6,313.9855200000238,1.793519999999262,0.0
2022-02-24 14:22:00,9281.585520000024,8967.6,313.9855200000238,1.793519999999262,0.0
2022-02-24 14:23:00,9281.585520000024,8967.6,313.9855200000238,1.793519999999262,0.0
2022-02-24 14:24:00,9281.585520000024,8967.6,313.9855200000238,1.793519999999262,0.0
2022-02-24 14:25:00,9281.585520000024,8967.6,313.9855200000238,1.793519999999262,0.0
2022-02-24 14:26:00,9281.585520000024,8967.6,313.9855200000238,1.793519999999262,0.0
2022-02-24 14:27:00,9281.585520000024,8967.6,313.9855200000238,1.793519999999262,0.0
2022-02-24 14:28:00,9281.585520000024,8967.6,313.9855200000238,1.793519999999262,0.0
2022-02-24 14:29:00,9281.585520000024,8967.6,313.9855200000238,1.793519999999262,0.0
2022-02-24 14:31:00,9261.204080000023,8956.4,304.80408000002353,-18.59016000000156,0.0
2022-02-24 14:32:00,9261.204080000023,8956.4,304.80408000002353,1.7912799999994604,0.0
2022-02-24 14:33:00,9261.204080000023,8956.4,304.80408000002353,1.7912799999994604,0.0
2022-02-24 14:34:00,9261.204080000023,8956.4,304.80408000002353,1.7912799999994604,0.0
2022-02-24 14:35:00,9261.204080000023,8956.4,304.80408000002353,1.7912799999994604,0.0
2022-02-24 14:36:00,9261.204080000023,8956.4,304.80408000002353,1.7912799999994604,0.0
2022-02-24 14:37:00,9261.204080000023,8956.4,304.80408000002353,1.7912799999994604,0.0
2022-02-25 09:46:00,9295.578960000023,9131.2,164.37896000002183,36.20111999999972,0.0
2022-02-25 09:47:00,9295.578960000023,9131.2,164.37896000002183,1.8262400000003254,0.0
2022-02-25 09:48:00,9295.578960000023,9131.2,164.37896000002183,1.8262400000003254,0.0
2022-02-25 09:49:00,9295.578960000023,9131.2,164.37896000002183,1.8262400000003254,0.0
2022-02-25 09:50:00,9295.578960000023,9131.2,164.37896000002183,1.8262400000003254,0.0
2022-02-25 09:51:00,9295.578960000023,9131.2,164.37896000002183,1.8262400000003254,0.0
2022-02-25 09:52:00,9295.578960000023,9131.2,164.37896000002183,1.8262400000003254,0.0
2022-02-25 09:53:00,9295.578960000023,9131.2,164.37896000002183,1.8262400000003254,0.0
2022-02-25 09:54:00,9295.578960000023,9131.2,164.37896000002183,1.8262400000003254,0.0
2022-02-25 10:30:00,9348.304240000023,9186.0,162.30424000002313,54.562480000000505,0.0
2022-02-25 10:32:00,9341.904240000023,9179.6,162.30424000002313,-4.564080000000104,0.0
2022-02-25 10:40:00,9332.704240000023,9170.4,162.30424000002313,-7.365920000000187,0.0
2022-02-25 10:52:00,9316.704240000023,9154.4,162.30424000002313,-14.169120000000476,0.0
2022-02-25 10:53:00,9316.704240000023,9154.4,162.30424000002313,1.8308799999995244,0.0
2022-02-25 11:03:00,9317.044640000024,9139.6,177.44464000002336,2.1683200000006764,0.0
2022-02-25 11:16:00,9303.796480000025,9110.8,192.99648000002526,-11.425999999999476,0.0
2022-02-25 11:17:00,9303.796480000025,9110.8,192.99648000002526,1.8221599999997125,0.0
2022-02-25 11:20:00,9322.196480000026,9129.2,192.99648000002526,20.22584000000097,0.0
2022-02-25 11:21:00,9322.196480000026,9129.2,192.99648000002526,1.8258399999995163,0.0
2022-02-25 11:30:00,9304.152720000026,9104.0,200.1527200000255,-16.222960000000967,0.0
2022-02-25 14:15:00,9292.913200000026,9101.2,191.7132000000256,-9.419280000000072,0.0
2022-02-25 14:16:00,9292.913200000026,9101.2,191.7132000000256,1.820239999999103,0.0
2022-02-25 13:02:00,9301.713200000026,9110.0,191.7132000000256,10.621999999999389,-1.0
2022-02-25 13:04:00,9313.313200000026,9121.6,191.7132000000256,13.42432000000008,0.0
2022-02-25 13:05:00,9313.313200000026,9121.6,191.7132000000256,1.824319999999716,0.0
2022-02-25 13:07:00,9318.913200000026,9127.2,191.7132000000256,7.42544000000089,0.0
2022-02-25 13:08:00,9318.913200000026,9127.2,191.7132000000256,1.8254400000005262,0.0
2022-02-25 13:27:00,9314.065760000027,9111.2,202.86576000002606,-3.0252000000000407,0.0
2022-02-25 13:28:00,9314.065760000027,9111.2,202.86576000002606,1.8222399999995105,0.0
2022-02-25 13:39:00,9310.818880000028,9122.8,188.01888000002873,-1.4223199999996723,0.0
2022-02-25 13:40:00,9310.818880000028,9122.8,188.01888000002873,1.82455999999911,0.0
2022-02-25 13:44:00,9314.418880000028,9126.4,188.01888000002873,5.425279999999475,0.0
2022-02-25 13:45:00,9314.418880000028,9126.4,188.01888000002873,1.8252799999991112,0.0
2022-02-25 13:46:00,9314.418880000028,9126.4,188.01888000002873,1.8252799999991112,0.0
2022-02-25 14:25:00,9295.97496000003,9108.0,187.97496000003048,-16.62231999999858,0.0
2022-02-25 14:46:00,9291.97496000003,9104.0,187.97496000003048,-2.179200000000492,0.0
2022-02-25 14:47:00,9291.97496000003,9104.0,187.97496000003048,1.8207999999995081,0.0
2022-02-28 09:38:00,9293.53112000003,9110.0,183.53112000003057,3.378160000000207,2.0
2022-02-28 09:39:00,9293.53112000003,9110.0,183.53112000003057,1.8220000000001164,0.0
2022-02-28 09:40:00,9293.53112000003,9110.0,183.53112000003057,1.8220000000001164,0.0
2022-02-28 09:41:00,9293.53112000003,9110.0,183.53112000003057,1.8220000000001164,0.0
2022-02-28 09:42:00,9293.53112000003,9110.0,183.53112000003057,1.8220000000001164,0.0
2022-02-28 09:43:00,9293.53112000003,9110.0,183.53112000003057,1.8220000000001164,0.0
2022-02-28 09:44:00,9293.53112000003,9110.0,183.53112000003057,1.8220000000001164,0.0
2022-02-28 09:47:00,9219.91824000003,9024.4,195.51824000003035,-71.8080000000009,0.0
2022-02-28 09:49:00,9230.31824000003,9034.8,195.51824000003035,12.206959999999526,0.0
2022-02-28 09:51:00,9231.91824000003,9036.4,195.51824000003035,3.407280000001265,0.0
2022-02-28 09:52:00,9231.91824000003,9036.4,195.51824000003035,1.807280000000901,0.0
2022-02-28 09:53:00,9231.91824000003,9036.4,195.51824000003035,1.807280000000901,0.0
2022-02-28 09:54:00,9231.91824000003,9036.4,195.51824000003035,1.807280000000901,0.0
2022-02-28 09:55:00,9231.91824000003,9036.4,195.51824000003035,1.807280000000901,0.0
2022-02-28 09:56:00,9231.91824000003,9036.4,195.51824000003035,1.807280000000901,0.0
2022-02-28 09:57:00,9231.91824000003,9036.4,195.51824000003035,1.807280000000901,0.0
2022-02-28 09:58:00,9231.91824000003,9036.4,195.51824000003035,1.807280000000901,0.0
2022-02-28 09:59:00,9231.91824000003,9036.4,195.51824000003035,1.807280000000901,0.0
2022-02-28 10:01:00,9232.31824000003,9036.8,195.51824000003035,2.2073600000003353,0.0
2022-02-28 10:02:00,9232.31824000003,9036.8,195.51824000003035,1.807360000000699,0.0
2022-02-28 10:03:00,9232.31824000003,9036.8,195.51824000003035,1.807360000000699,0.0
2022-02-28 10:04:00,9232.31824000003,9036.8,195.51824000003035,1.807360000000699,0.0
2022-02-28 10:05:00,9232.31824000003,9036.8,195.51824000003035,1.807360000000699,0.0
2022-02-28 10:06:00,9232.31824000003,9036.8,195.51824000003035,1.807360000000699,0.0
2022-02-28 10:07:00,9232.31824000003,9036.8,195.51824000003035,1.807360000000699,0.0
2022-02-28 10:15:00,9244.69368000003,9070.0,174.69368000002942,14.189440000000104,0.0
2022-02-28 10:44:00,9254.266240000032,9054.0,200.26624000003176,11.38336000000163,0.0
2022-02-28 10:47:00,9244.24792000003,9044.0,200.24792000003072,-8.209520000000339,0.0
2022-02-28 10:50:00,9244.24792000003,9044.0,200.24792000003072,1.8088000000007014,0.0
2022-02-28 10:51:00,9244.24792000003,9044.0,200.24792000003072,1.8088000000007014,0.0
2022-02-28 10:52:00,9244.24792000003,9044.0,200.24792000003072,1.8088000000007014,0.0
2022-02-28 10:53:00,9244.24792000003,9044.0,200.24792000003072,1.8088000000007014,0.0
2022-02-28 10:56:00,9249.847920000031,9049.6,200.24792000003072,7.4099200000000565,0.0
2022-02-28 10:57:00,9249.847920000031,9049.6,200.24792000003072,1.8099199999996927,0.0
2022-02-28 11:01:00,9250.64792000003,9050.4,200.24792000003072,2.610079999998561,0.0
2022-02-28 11:05:00,9241.04792000003,9040.8,200.24792000003072,-7.7918399999998655,0.0
2022-02-28 11:06:00,9241.04792000003,9040.8,200.24792000003072,1.8081600000004983,0.0
2022-02-28 11:07:00,9241.04792000003,9040.8,200.24792000003072,1.8081600000004983,0.0
2022-02-28 11:08:00,9241.04792000003,9040.8,200.24792000003072,1.8081600000004983,0.0
2022-02-28 11:11:00,9240.64792000003,9040.4,200.24792000003072,1.408080000001064,0.0
2022-02-28 11:12:00,9240.64792000003,9040.4,200.24792000003072,1.8080800000007002,0.0
2022-02-28 11:16:00,9238.231040000031,9042.8,195.43104000003223,-0.6083199999993667,0.0
2022-02-28 11:28:00,9241.405840000032,9076.4,165.00584000003255,4.990080000001399,0.0
2022-02-28 14:46:00,9226.972560000033,9100.8,126.17256000003363,-12.61311999999998,0.0
2022-02-28 14:47:00,9226.972560000033,9100.8,126.17256000003363,1.820159999999305,0.0
2022-02-28 14:48:00,9226.972560000033,9100.8,126.17256000003363,1.820159999999305,0.0
2022-02-28 14:49:00,9226.972560000033,9100.8,126.17256000003363,1.820159999999305,0.0
2022-02-28 14:50:00,9226.972560000033,9100.8,126.17256000003363,1.820159999999305,0.0
